課題ID,課題名,課題レベル,緊急度,重要度,解決可能性,UNSON OS適合性,総合スコア,優先順位,解決アプローチ,想定期間,投資規模
S001,デジタル化の遅れ,表面的課題,5,5,4,5,19,1,段階的システム導入支援,3-6ヶ月,中
E001,変化への不安と失敗への恐怖,感情的課題,5,5,3,5,18,2,成功事例提示・リスク軽減支援,6-12ヶ月,小
F001,適切なシステム選定手法の不明,機能的課題,4,5,5,5,19,1,AI駆動要件定義・選定支援,3-6ヶ月,中
R001,包括的デジタル化支援システムの不在,根本的課題,3,5,4,5,17,3,統合プラットフォーム開発,12-18ヶ月,大
S002,競争力の相対的低下,表面的課題,4,4,4,4,16,4,競争力分析・改善提案,3-6ヶ月,小
F002,段階的導入手法の未理解,機能的課題,4,4,5,5,18,2,導入手法ガイダンス・テンプレート提供,1-3ヶ月,小
E002,情報過多による判断麻痺,感情的課題,3,4,4,4,15,5,情報整理・意思決定支援ツール,3-6ヶ月,小
A001,システム導入は大企業のもの,思い込み,5,4,5,5,19,1,中小企業成功事例データベース,1-3ヶ月,小
A002,IT投資は即座にROI必要,思い込み,4,4,4,4,16,4,ROI予測・効果測定ツール,3-6ヶ月,小
A003,システムは専門知識が必要,思い込み,4,4,5,5,18,2,直感的UI・操作デモ提供,1-3ヶ月,小
A004,クラウドは情報漏洩リスクが高い,思い込み,5,4,4,4,17,3,セキュリティ実態・比較情報提供,1-3ヶ月,小
A005,新システム導入は業務停止を伴う,思い込み,5,4,4,5,18,2,段階的移行事例・手法提示,1-3ヶ月,小
A006,従業員は新システムに必ず反発,思い込み,3,3,4,4,14,6,変革管理手法・成功事例提供,3-6ヶ月,小
A007,システムは変更不可,思い込み,3,3,4,4,14,6,柔軟性・拡張性事例提示,1-3ヶ月,小

解決可能性評価基準:
5=技術的に完全解決可能
4=既存技術で大部分解決可能
3=新技術開発により解決可能
2=部分的解決のみ可能
1=現在の技術では解決困難

UNSON OS適合性評価基準:
5=UNSON OSの中核機能として最適
4=UNSON OSの主要機能として適合
3=UNSON OSで対応可能
2=一部機能で対応可能
1=UNSON OSでの対応困難

投資規模基準:
大=1000万円以上の開発投資
中=300-1000万円の開発投資
小=300万円以下の開発投資

優先順位決定ロジック:
総合スコア19: 最高優先(1位)
総合スコア18: 高優先(2位)
総合スコア17: 中高優先(3位)
総合スコア16: 中優先(4位)
総合スコア15: 低中優先(5位)
総合スコア14以下: 低優先(6位)